,0
0,audioeng.dll
1,UFAT.dll
2,AdobeLinguistic.dll
3,TextInputFramework.dll
4,api-ms-win-shcore-obsolete-l1-1-0.dll
5,api-ms-win-rtcore-ntuser-wmpointer-l1-1-3.dll
6,Wcmsvc.dll
7,QUARTZ.dll
8,CSRSRV.dll
9,api-ms-win-shlwapi-winrt-storage-l1-1-1.dll
10,ext-ms-win-ntuser-window-l1-1-1.dll
11,WsmSvc.DLL
12,api-ms-win-security-capability-l1-1-0.dll
13,DDRAW.dll
14,api-ms-win-core-namedpipe-l1-2-2.dll
15,api-ms-win-core-job-l2-1-0.dll
16,api-ms-win-service-core-l1-1-1.dll
17,api-ms-win-perf-legacy-l1-1-0.dll
18,api-ms-win-core-sysinfo-l1-2-1.dll
19,api-ms-win-core-perfcounters-l1-1-0.dll
20,CLIPC.dll
21,SCNPST64C.dll
22,api-ms-win-gdi-dpiinfo-l1-1-0.dll
23,BiWinrt.dll
24,MSVCR90.dll
25,WININET.DLL
26,AUTHZ.dll
27,CFGMGR32.dll
28,api-ms-win-power-setting-l1-1-0.dll
29,iertutil.dll
30,Windows.Networking.Connectivity.dll
31,MSVCP90.dll
32,MSDTCTM.dll
33,api-ms-win-mm-playsound-l1-1-0.dll
34,SYSSETUP.dll
35,WINBRAND.dll
36,ext-ms-win-ntuser-windowclass-l1-1-2.dll
37,api-ms-win-core-processthreads-l1-1-2.dll
38,api-ms-win-core-processtopology-obsolete-l1-1-0.dll
39,boost_system.dll
40,api-ms-win-core-kernel32-legacy-l1-1-5.dll
41,cmutil.dll
42,MSACM32.dll
43,RADCUI.dll
44,bthprops.cpl
45,api-ms-win-core-sysinfo-l2-1-0.dll
46,msdrm.dll
47,framedynos.dll
48,api-ms-win-security-base-l1-2-0.dll
49,api-ms-win-core-privateprofile-l1-1-1.dll
50,api-ms-win-service-private-l1-1-1.dll
51,COMCTL32.DLL
52,d3d10_1.dll
53,DEVRTL.dll
54,api-ms-win-core-processenvironment-l1-1-0.dll
55,api-ms-win-core-file-l2-1-2.dll
56,api-ms-win-core-shutdown-l1-1-1.dll
57,EFSADU.dll
58,GetUName.dll
59,comdlg32.dll
60,AgentModule.dll
61,DCIMAN32.dll
62,api-ms-win-core-handle-l1-1-0.dll
63,api-ms-win-eventing-provider-l1-1-0.dll
64,api-ms-win-mm-time-l1-1-0.dll
65,SYNCUTIL.dll
66,api-ms-win-core-crt-l1-1-0.dll
67,api-ms-win-core-sidebyside-l1-1-0.dll
68,WclEtw.dll
69,api-ms-win-eventing-classicprovider-l1-1-0.dll
70,MapsStore.dll
71,SHDOCVW.dll
72,api-ms-win-core-psm-info-l1-1-1.dll
73,msdmo.dll
74,RtmPal.dll
75,d2d1.dll
76,TWINAPI.dll
77,LicenseManager.dll
78,BatMeter.dll
79,winipcfile.dll
80,xpsservices.dll
81,api-ms-win-service-private-l1-1-2.dll
82,prvdmofcomp.dll
83,FVESKYBACKUP.dll
84,api-ms-win-core-namedpipe-l1-2-0.dll
85,wcl.dll
86,version.dll
87,certca.dll
88,ncsi.dll
89,api-ms-win-core-quirks-l1-1-1.dll
90,CoreMessaging.dll
91,api-ms-win-core-com-midlproxystub-l1-1-0.dll
92,dbghelp.dll
93,api-ms-win-core-localization-l1-2-1.dll
94,api-ms-win-core-windowserrorreporting-l1-1-0.dll
95,api-ms-win-core-processenvironment-l1-2-0.dll
96,api-ms-win-rtcore-ntuser-synch-l1-1-0.dll
97,api-ms-win-core-namedpipe-l1-1-0.dll
98,python33.dll
99,VideoFrame.dll
100,boost_date_time.dll
101,SYSDM.CPL
102,dot3msm.dll
103,dwmredir.dll
104,GDI32.DLL
105,WMsgAPI.dll
106,RMCLIENT.dll
107,iedkcs32.dll
108,VEEventDispatcher.dll
109,ext-ms-win-branding-winbrand-l1-1-0.dll
110,WININET.dll
111,api-ms-win-ntuser-sysparams-l1-1-0.dll
112,api-ms-win-core-localregistry-l1-1-0.dll
113,rtm.dll
114,WinLangdb.dll
115,RstrtMgr.DLL
116,xul.dll
117,aif_ocl.dll
118,WLANSEC.dll
119,api-ms-win-core-winrt-propertysetprivate-l1-1-1.dll
120,MFReadWrite.dll
121,ext-ms-win-shell-shlwapi-l1-1-0.dll
122,api-ms-win-core-io-l1-1-1.dll
123,MSVCP60.dll
124,api-ms-win-security-base-l1-1-0.dll
125,pdh.dll
126,BDEUI.dll
127,OLEAUT32.dll
128,NativeLibrary.dll
129,api-ms-win-crt-convert-l1-1-0.dll
130,WINTRUST.dll
131,api-ms-win-ntuser-rectangle-l1-1-0.dll
132,api-ms-win-composition-windowmanager-l1-1-0.dll
133,api-ms-win-core-profile-l1-1-0.dll
134,apphelp.dll
135,apprepapi.dll
136,rasmans.dll
137,MPR.dll
138,MSWSOCK.dll
139,api-ms-win-core-kernel32-legacy-l1-1-1.dll
140,NMAA.dll
141,AccountAccessor.dll
142,UxTheme.dll
143,api-ms-win-core-libraryloader-l2-1-0.dll
144,omadmapi.dll
145,BOOTUX.dll
146,sqlite.dll
147,api-ms-win-shcore-stream-winrt-l1-1-0.dll
148,api-ms-win-shcore-comhelpers-l1-1-0.dll
149,ulib.dll
150,DismApi.DLL
151,SHCORE.dll
152,MSOERT2.dll
153,OLEACC.dll
154,api-ms-win-core-marshal-l1-1-0.dll
155,tsworkspace.dll
156,IfsUtil.dll
157,api-ms-win-core-localization-l2-1-0.dll
158,api-ms-win-core-winrt-registration-l1-1-0.dll
159,WINIPSEC.DLL
160,NativeMap.dll
161,FastProx.dll
162,ext-ms-win-ntuser-dc-access-ext-l1-1-0.dll
163,api-ms-win-core-psm-appnotify-l1-1-0.dll
164,api-ms-win-core-winrt-error-l1-1-0.dll
165,dvacore.dll
166,NSI.dll
167,WINMM.dll
168,PSAPI.DLL
169,DeviceMgmt.dll
170,PluginSupport.dll
171,api-ms-win-core-delayload-l1-1-1.dll
172,ext-ms-win-devmgmt-policy-l1-1-0.dll
173,api-ms-win-shcore-sysinfo-l1-1-0.dll
174,api-ms-win-core-biplmapi-l1-1-1.dll
175,api-ms-win-core-crt-l2-1-0.dll
176,api-ms-win-appmodel-unlock-l1-1-0.dll
177,QuickActionsDataModel.dll
178,rasman.dll
179,api-ms-win-core-winrt-robuffer-l1-1-0.dll
180,SRCLIENT.dll
181,api-ms-win-appmodel-runtime-internal-l1-1-0.dll
182,MFC42u.dll
183,netdiagfx.dll
184,ProximityCommon.dll
185,api-ms-win-core-datetime-l1-1-2.dll
186,credui.dll
187,BDEREPAIR.dll
188,api-ms-win-core-psapi-obsolete-l1-1-0.dll
189,AuthBroker.dll
190,ext-ms-win-ntuser-rim-l1-1-0.dll
191,appxapplicabilityblob.dll
192,api-ms-win-core-processthreads-l1-1-3.dll
193,api-ms-win-shlwapi-ie-l1-1-0.dll
194,api-ms-win-core-versionansi-l1-1-1.dll
195,sqmapi.dll
196,DUI70.dll
197,api-ms-win-crt-heap-l1-1-0.dll
198,dwmcore.dll
199,dfscli.dll
200,RDPCORE.dll
201,api-ms-win-rtcore-ntuser-private-l1-1-4.dll
202,DMProcessXMLFiltered.dll
203,api-ms-win-core-memory-l1-1-2.dll
204,WSOCK32.dll
205,WSCAPI.dll
206,vmbuspipe.dll
207,HID.DLL
208,auditpolcore.dll
209,mozalloc.dll
210,BingOnlineServices.dll
211,api-ms-win-shcore-scaling-l1-1-1.dll
212,MSVCR100.dll
213,api-ms-win-ole32-ie-l1-1-0.dll
214,api-ms-win-crt-math-l1-1-0.dll
215,api-ms-win-core-localization-l1-2-0.dll
216,NETPLWIZ.dll
217,logoncli.dll
218,libiconv-2.dll
219,sfc.dll
220,credprovs.dll
221,SCommon.dll
222,webio.dll
223,Windows.Networking.HostName.dll
224,api-ms-win-core-misc-l1-1-0.dll
225,offlinelsa.dll
226,api-ms-win-shell-changenotify-l1-1-0.dll
227,wsdapi.dll
228,CONCRT140.dll
229,mPTAccess2.dll
230,api-ms-win-core-localization-private-l1-1-0.dll
231,api-ms-win-security-grouppolicy-l1-1-0.dll
232,ACTIVEDS.dll
233,WIN32K.SYS
234,WindowsCodecs.dll
235,WMVCore.DLL
236,VAULTCLI.dll
237,ext-ms-win-ntuser-keyboard-l1-3-0.dll
238,ws2_32.dll
239,PROFSVC.dll
240,api-ms-win-security-lsalookup-l2-1-1.dll
241,dxva2.dll
242,FXSTIFF.dll
243,nlaapi.dll
244,api-ms-win-core-heap-l1-2-0.dll
245,MapControlCore.dll
246,DMPushProxy.dll
247,api-ms-win-shcore-unicodeansi-l1-1-0.dll
248,D3DCOMPILER_47.dll
249,WS2_32.DLL
250,api-ms-win-security-activedirectoryclient-l1-1-0.dll
251,USERENV.dll
252,api-ms-win-core-registry-l1-1-0.dll
253,ImporterHost.dll
254,PSHED.dll
255,api-ms-win-core-localization-l1-2-2.dll
256,mfperfhelper.dll
257,SYNCENG.dll
258,DSAUTH.dll
259,CRYPTSP.dll
260,DSOUND.dll
261,api-ms-win-core-largeinteger-l1-1-0.dll
262,WINUSB.DLL
263,api-ms-win-security-systemfunctions-l1-1-0.dll
264,imagehlp.dll
265,api-ms-win-core-xstate-l2-1-0.dll
266,kernel32.dll
267,TOKENBINDING.dll
268,cmpbk32.dll
269,winmsipc.dll
270,ResetEngine.dll
271,mintdh.dll
272,AVIFIL32.dll
273,deviceassociation.dll
274,NETAPI32.dll
275,api-ms-win-core-version-l1-1-1.dll
276,api-ms-win-shell-shdirectory-l1-1-0.dll
277,api-ms-win-core-console-l1-1-0.dll
278,api-ms-win-shell-shellfolders-l1-1-0.dll
279,SPP.dll
280,WLDAP32.dll
281,api-ms-win-core-com-private-l1-1-1.dll
282,msvcp60.dll
283,api-ms-win-core-winrt-error-l1-1-1.dll
284,api-ms-win-downlevel-shlwapi-l2-1-0.dll
285,WindowsPerformanceRecorderControl.dll
286,pcaui.dll
287,MSVCP120.dll
288,UpdatePolicy.dll
289,api-ms-win-core-calendar-l1-1-0.dll
290,urlmon.dll
291,api-ms-win-security-base-private-l1-1-1.dll
292,api-ms-win-downlevel-advapi32-l1-1-1.dll
293,combase.dll
294,api-ms-win-downlevel-advapi32-l4-1-0.dll
295,colorui.dll
296,Cabinet.dll
297,fwbase.dll
298,api-ms-win-crt-multibyte-l1-1-0.dll
299,api-ms-win-core-version-l1-1-0.dll
300,api-ms-win-core-quirks-l1-1-0.dll
301,WinSyncProviders.dll
302,WinSCard.dll
303,dupfdll.dll
304,GDI32.dll
305,DINPUT8.dll
306,STI.dll
307,UserDataPlatformHelperUtil.dll
308,api-ms-win-shcore-registry-l1-1-1.dll
309,MsCtfMonitor.DLL
310,fwpuclnt.dll
311,netshell.dll
312,MaintenanceUI.dll
313,MFSENSORGROUP.dll
314,WSClient.dll
315,ksuser.dll
316,faultrep.dll
317,ext-ms-win-ntuser-gui-l1-3-0.dll
318,ProximityRtapiPal.dll
319,ext-ms-win-provisioning-platform-l1-1-0.dll
320,cryptdll.dll
321,UserDataTypeHelperUtil.dll
322,MSASN1.dll
323,api-ms-win-appmodel-state-l1-2-0.dll
324,api-ms-win-core-processthreads-l1-1-0.dll
325,api-ms-win-core-realtime-l1-1-0.dll
326,api-ms-win-base-util-l1-1-0.dll
327,igdusc64.dll
328,nvml.dll
329,libmysql.dll
330,api-ms-win-winrt-search-folder-l1-1-0.dll
331,api-ms-win-core-version-private-l1-1-0.dll
332,StateRepository.Core.dll
333,api-ms-win-core-normalization-l1-1-0.dll
334,gdiplus.dll
335,wpx.dll
336,api-ms-win-core-threadpool-l1-1-0.dll
337,NcaApi.dll
338,DMOleAutUtils.dll
339,iassvcs.dll
340,PhoneUtil.dll
341,api-ms-win-downlevel-shlwapi-l1-1-1.dll
342,api-ms-win-ntuser-ie-window-l1-1-0.dll
343,ext-ms-win-ole32-bindctx-l1-1-0.dll
344,ext-ms-win-shell32-shellfolders-l1-1-1.dll
345,watchdog.sys
346,MSAJApi.dll
347,P2PGRAPH.dll
348,DMCfgUtils.dll
349,ext-ms-win-rtcore-ntuser-dpi-l1-1-0.dll
350,IUMDLL.dll
351,CRYPTBASE.dll
352,ISCSIEXE.dll
353,VERSION.dll
354,RTWorkQ.DLL
355,api-ms-win-devices-config-l1-1-0.dll
356,DINPUT.dll
357,Amsi.dll
358,browcli.dll
359,ext-ms-win-shell-shell32-l1-2-0.dll
360,mpunits.dll
361,MapRouter.dll
362,SHELL32.DLL
363,prntvpt.dll
364,libglib-2.0-0.dll
365,api-ms-win-crt-stdio-l1-1-0.dll
366,api-ms-win-core-com-l2-1-1.dll
367,hhsetup.dll
368,api-ms-win-eventing-controller-l1-1-0.dll
369,fhsvcctl.dll
370,oleaut32.dll
371,api-ms-win-downlevel-user32-l1-1-1.dll
372,SLWGA.dll
373,OnDemandBrokerClient.dll
374,ext-ms-win-rtcore-ntuser-cursor-l1-1-0.dll
375,provpackageapidll.dll
376,api-ms-win-shell-associations-l1-1-0.dll
377,ext-ms-win-biometrics-winbio-l1-3-0.dll
378,AVRT.dll
379,api-ms-win-core-datetime-l1-1-0.dll
380,rtutils.dll
381,wer.dll
382,slr100.dll
383,UserDataLanguageUtil.dll
384,ext-ms-win-ci-xbox-l1-1-0.dll
385,OLMAPI32.dll
386,ExporterHost.dll
387,api-ms-win-core-shutdown-l1-1-0.dll
388,ntshrui.dll
389,api-ms-win-core-errorhandling-l1-1-0.dll
390,AADTB.dll
391,devinv.dll
392,LINKINFO.dll
393,api-ms-win-core-synch-l1-2-0.dll
394,api-ms-win-core-psm-rtimer-l1-1-1.dll
395,SensorsNativeApi.V2.dll
396,NTDSAPI.dll
397,ISCSIUM.dll
398,FVECERTS.dll
399,api-ms-win-eventing-tdh-l1-1-0.dll
400,api-ms-win-storage-exports-internal-l1-1-0.dll
401,api-ms-win-security-sddl-l1-1-0.dll
402,msvcp110_win.dll
403,mmcbase.DLL
404,api-ms-win-core-localization-obsolete-l1-1-0.dll
405,api-ms-win-devices-config-l1-1-1.dll
406,USER32.DLL
407,SspiCli.dll
408,MSVCR110.dll
409,VssTrace.DLL
410,SweetPeaSupport.dll
411,aif_ogl.dll
412,api-ms-win-core-timezone-private-l1-1-0.dll
413,api-ms-win-core-winrt-string-l1-1-0.dll
414,COMCTL32.dll
415,AudioRenderer.dll
416,api-ms-win-core-wow64-l1-1-0.dll
417,api-ms-win-core-util-l1-1-0.dll
418,HPDeviceDetection3Dll.dll
419,api-ms-win-core-localization-obsolete-l1-2-0.dll
420,api-ms-win-downlevel-shlwapi-l2-1-1.dll
421,api-ms-win-core-threadpool-l1-2-0.dll
422,AudioSupport.dll
423,api-ms-win-appmodel-runtime-l1-1-1.dll
424,user32.dll
425,ext-ms-win-biometrics-winbio-core-l1-1-1.dll
426,SETTINGSYNCPOLICY.dll
427,KDSTUB.dll
428,api-ms-win-core-appcompat-l1-1-1.dll
429,api-ms-win-core-debug-l1-1-0.dll
430,libvlc.dll
431,TAPI32.dll
432,GPAPI.dll
433,Backend.dll
434,MSVBVM60.DLL
435,dmEnrollEngine.DLL
436,api-ms-win-core-psapi-ansi-l1-1-0.dll
437,ext-ms-win-cluster-clusapi-l1-1-1.dll
438,HAL.dll
439,ext-ms-win-cluster-resutils-l1-1-0.dll
440,api-ms-win-core-processsnapshot-l1-1-0.dll
441,UpdateAPI.dll
442,MSVCRT.dll
443,WecApi.dll
444,RESUTILS.dll
445,ISCSIED.dll
446,iasrad.dll
447,mgwz.dll
448,api-ms-win-core-sysinfo-l1-2-3.dll
449,SAMLIB.dll
450,msls31.dll
451,api-ms-win-devices-query-l1-1-0.dll
452,FLTLIB.DLL
453,api-ms-win-downlevel-version-l1-1-0.dll
454,dynamiclink.dll
455,SYSNTFY.dll
456,BDEHDCFGLIB.dll
457,srvcli.dll
458,BthTelemetry.dll
459,iashlpr.dll
460,api-ms-win-security-appcontainer-l1-1-0.dll
461,mpr.dll
462,ncrypt.dll
463,SPOOLSS.DLL
464,ext-ms-win-ntos-ksigningpolicy-l1-1-0.dll
465,MbaeXmlParser.DLL
466,api-ms-win-core-sysinfo-l1-2-0.dll
467,api-ms-win-service-management-l1-1-0.dll
468,dhcpcsvc6.DLL
469,sfc_os.dll
470,vdsutil.dll
471,api-ms-win-core-kernel32-private-l1-1-1.dll
472,mgmtapi.dll
473,api-ms-win-core-localization-obsolete-l1-3-0.dll
474,d3dx11_43.dll
475,api-ms-win-security-activedirectoryclient-l1-1-1.dll
476,ADVAPI32.dll
477,httpprxp.dll
478,WerEtw.dll
479,DAVHLPR.dll
480,api-ms-win-service-core-l1-1-2.dll
481,MF.dll
482,bcryptPrimitives.dll
483,Windows.Security.Authentication.Web.Core.dll
484,api-ms-win-shcore-scaling-l1-1-2.dll
485,api-ms-win-shcore-thread-l1-1-0.dll
486,MSPORTS.DLL
487,WUDFPlatform.dll
488,wlanui.dll
489,api-ms-win-core-heap-l1-1-0.dll
490,api-ms-win-devices-query-l1-1-1.dll
491,api-ms-win-appmodel-identity-l1-2-0.dll
492,dmcommandlineutils.dll
493,dcomp.dll
494,api-ms-win-core-stringansi-l1-1-0.dll
495,ISCSIDSC.dll
496,pcacli.dll
497,api-ms-win-crt-filesystem-l1-1-0.dll
498,MSVFW32.dll
499,WINNSI.DLL
500,NetSetupApi.dll
501,MFC42.dll
502,api-ms-win-core-psapi-l1-1-0.dll
503,eappcfg.dll
504,miutils.dll
505,api-ms-win-security-trustee-l1-1-1.dll
506,ASLFoundation.dll
507,EncoderHost.dll
508,LocalSpl.dll
509,boost_threads.dll
510,TetheringClient.dll
511,tdh.dll
512,LocationFramework.dll
513,api-ms-win-rtcore-ntuser-private-l1-1-0.dll
514,ntoskrnl.exe
515,mapsbtsvc.dll
516,api-ms-win-security-sddlparsecond-l1-1-0.dll
517,CRYPT32.dll
518,l2gpstore.dll
519,CallHistoryClient.dll
520,IEADVPACK.dll
521,jli.dll
522,wdi.dll
523,api-ms-win-core-libraryloader-l1-1-1.dll
524,base.dll
525,TRAFFIC.dll
526,api-ms-win-core-namespace-l1-1-0.dll
527,api-ms-win-core-processthreads-l1-1-1.dll
528,eappprxy.dll
529,OpcServices.DLL
530,SRCORE.dll
531,EFSUTIL.dll
532,MPRAPI.dll
533,dsuiext.dll
534,api-ms-win-rtcore-ntuser-shell-l1-1-0.dll
535,api-ms-win-crt-utility-l1-1-0.dll
536,NCI.dll
537,WINHTTP.dll
538,api-ms-win-core-processtopology-l1-2-0.dll
539,OLE32.dll
540,api-ms-win-core-biptcltapi-l1-1-1.dll
541,ext-ms-win-session-wtsapi32-l1-1-0.dll
542,PIMSTORE.dll
543,SCECLI.dll
544,MrmCoreR.dll
545,dot3gpclnt.dll
546,MDMRegistration.DLL
547,cng.sys
548,api-ms-win-core-libraryloader-l1-2-2.dll
549,api-ms-win-core-file-l2-1-1.dll
550,DPAPI.dll
551,wininet.dll
552,ExecModelClient.dll
553,ext-ms-win-rtcore-ntuser-sysparams-l1-1-0.dll
554,bthpanapi.dll
555,BrokerLib.dll
556,mfc100u.dll
557,ext-ms-win-rtcore-gdi-object-l1-1-0.dll
558,kdcom.dll
559,api-ms-win-core-versionansi-l1-1-0.dll
560,api-ms-win-core-memory-l1-1-3.dll
561,dxtrans.dll
562,cairo.dll
563,api-ms-win-core-privateprofile-l1-1-0.dll
564,MAPI32.dll
565,api-ms-win-core-threadpool-private-l1-1-0.dll
566,clfsw32.dll
567,FWPolicyIOMgr.dll
568,UBPM.dll
569,query.dll
570,api-ms-win-eventlog-legacy-l1-1-0.dll
571,SAS.dll
572,api-ms-win-core-shlwapi-legacy-l1-1-0.dll
573,MSOCF.dll
574,mfc120.dll
575,DynamicLinkMedia.dll
576,FwRemoteSvr.DLL
577,SECHOST.dll
578,newdev.dll
579,WINSTA.dll
580,USOCore.dll
581,WINSKU.dll
582,WINSPOOL.DRV
583,ext-ms-win-shell-propsys-l1-1-0.dll
584,api-ms-win-core-rtlsupport-l1-2-0.dll
585,MdmDiagnostics.dll
586,EasPoliciesBroker.dll
587,Steam.dll
588,WS2_32.dll
589,SETUPAPI.dll
590,DMDskMgr.dll
591,MapConfiguration.dll
592,MfcSubs.dll
593,MSIMG32.dll
594,CSCAPI.dll
595,TQUERY.DLL
596,api-ms-win-core-synch-l1-2-1.dll
597,enterpriseresourcemanager.dll
598,powrprof.dll
599,api-ms-win-ntuser-ie-message-l1-1-0.dll
600,ScanSetting.DLL
601,OneX.DLL
602,DUser.dll
603,api-ms-win-downlevel-ole32-l1-1-1.dll
604,iri.dll
605,api-ms-win-core-file-l1-2-0.dll
606,api-ms-win-crt-private-l1-1-0.dll
607,INETCOMM.dll
608,ngckeyenum.dll
609,DEVOBJ.dll
610,ErrorDetails.dll
611,SHLWAPI.dll
612,policymanager.dll
613,NvSmartMax.dll
614,api-ms-win-core-fibers-l1-1-1.dll
615,RICHED20.dll
616,api-ms-win-shcore-stream-l1-1-0.dll
617,PRM.dll
618,ole32.dll
619,GLU32.dll
620,wsock32.dll
621,SCardBi.dll
622,ResourcePolicyClient.dll
623,coredpus.dll
624,libintl-8.dll
625,netutils.dll
626,api-ms-win-core-string-l2-1-1.dll
627,api-ms-win-core-memory-l1-1-0.dll
628,SensorsUtilsV2.dll
629,PlaySndSrv.DLL
630,schedcli.dll
631,dvamarshal.dll
632,ngcpopkeysrv.dll
633,dmpushroutercore.dll
634,api-ms-win-core-file-l1-1-0.dll
635,ntdll.dll
636,InprocLogger.dll
637,dwmapi.dll
638,RASAPI32.dll
639,mingwm10.dll
640,dvamediatypes.dll
641,api-ms-win-core-file-l1-2-1.dll
642,api-ms-win-core-file-l2-1-0.dll
643,wincorlib.DLL
644,GlobalUtil.dll
645,ext-ms-win-ntuser-synch-l1-1-0.dll
646,SXSHARED.dll
647,VSSAPI.DLL
648,dbg.dll
649,vulkan-1.dll
650,NtlmShared.dll
651,api-ms-win-appmodel-runtime-internal-l1-1-3.dll
652,CRYPTUI.dll
653,UTILDLL.dll
654,MSVCP100.dll
655,api-ms-win-security-accesshlpr-l1-1-0.dll
656,COMDLG32.dll
657,WMASF.DLL
658,DIFXAPI.dll
659,NkRSSLib.dll
660,ext-ms-win-rtcore-ntuser-window-ext-l1-1-0.dll
661,api-ms-win-crt-environment-l1-1-0.dll
662,windows.globalization.fontgroups.dll
663,api-ms-win-downlevel-kernel32-l2-1-0.dll
664,mfc90u.dll
665,MSVCP140.dll
666,FeClient.dll
667,api-ms-win-security-credentials-l1-1-0.dll
668,mfc140u.dll
669,OPENGL32.dll
670,api-ms-win-core-rtlsupport-l1-1-0.dll
671,WinSyncMetastore.dll
672,mscoree.dll
673,api-ms-win-downlevel-kernel32-l1-1-0.dll
674,Windows.Storage.dll
675,api-ms-win-crt-string-l1-1-0.dll
676,api-ms-win-eventing-consumer-l1-1-0.dll
677,api-ms-win-core-com-l1-1-1.dll
678,mfc110.dll
679,FVEUI.dll
680,api-ms-win-core-psm-key-l1-1-0.dll
681,MAGNIFICATION.dll
682,api-ms-win-core-string-obsolete-l1-1-0.dll
683,SensorsNativeApi.dll
684,XAudio2_9.dll
685,ReAgent.dll
686,IPHLPAPI.DLL
687,api-ms-win-core-wow64-l1-1-1.dll
688,NTMARTA.dll
689,api-ms-win-security-audit-l1-1-1.dll
690,mibincodec.dll
691,Normaliz.dll
692,mimofcodec.dll
693,KERNEL32.DLL
694,MSCTF.dll
695,api-ms-win-core-apiquery-l1-1-0.dll
696,comctl32.dll
697,IUMBASE.dll
698,api-ms-win-security-lsapolicy-l1-1-0.dll
699,MPRDDM.dll
700,api-ms-win-core-registry-l2-1-0.dll
701,securekernel.exe
702,api-ms-win-rtcore-ntuser-winevent-l1-1-0.dll
703,api-ms-win-crt-runtime-l1-1-0.dll
704,VideoRenderer.dll
705,connect.dll
706,dmiso8601utils.dll
707,VulcanMessage.dll
708,srpapi.dll
709,wcmapi.dll
710,NetworkHelper.dll
711,CommonModule.dll
712,mfc110u.dll
713,api-ms-win-core-enclave-l1-1-0.dll
714,tbs.dll
715,USER32.dll
716,api-ms-win-storage-exports-external-l1-1-0.dll
717,api-ms-win-composition-redirection-l1-1-0.dll
718,SubscriptionMgr.dll
719,FirewallAPI.dll
720,api-ms-win-rtcore-ntuser-clipboard-l1-1-0.dll
721,OskSupport.dll
722,wevtapi.dll
723,api-ms-win-core-synch-l1-1-0.dll
724,ImageRenderer.dll
725,VCRUNTIME140.dll
726,MSDTCPRX.dll
727,twinapi.appcore.dll
728,iconv.dll
729,appwiz.cpl
730,api-ms-win-shlwapi-winrt-storage-l1-1-0.dll
731,cdp.dll
732,api-ms-win-core-registry-l1-1-1.dll
733,dpx.dll
734,CLUSAPI.dll
735,DNSAPI.dll
736,samcli.dll
737,api-ms-win-rtcore-ntuser-wmpointer-l1-1-0.dll
738,psmsrv.dll
739,OLE32.DLL
740,AppointmentActivation.dll
741,api-ms-win-service-winsvc-l1-2-0.dll
742,api-ms-win-core-stringloader-l1-1-1.dll
743,ext-ms-win-com-ole32-l1-1-1.dll
744,api-ms-win-downlevel-shell32-l1-1-0.dll
745,dbgeng.dll
746,api-ms-win-core-systemtopology-l1-1-0.dll
747,winmde.dll
748,api-ms-win-eventing-legacy-l1-1-0.dll
749,CoreUIComponents.dll
750,UNTFS.dll
751,Wclsqm.dll
752,XmlLite.dll
753,umpo.dll
754,DSPARSE.dll
755,ProximityCommonPal.dll
756,provdatastore.dll
757,AADAUTHHELPER.DLL
758,api-ms-win-service-winsvc-l1-1-0.dll
759,KERNEL32.dll
760,MSVCP110.dll
761,MFPlat.DLL
762,webservices.dll
763,WTSAPI32.dll
764,api-ms-win-core-comm-l1-1-0.dll
765,api-ms-win-security-logon-l1-1-0.dll
766,MSVCR120_CLR0400.dll
767,api-ms-win-core-registryuserspecific-l1-1-0.dll
768,VirtDisk.dll
769,api-ms-win-security-cryptoapi-l1-1-0.dll
770,MLANG.dll
771,api-ms-win-core-io-l1-1-0.dll
772,api-ms-win-power-base-l1-1-0.dll
773,ext-ms-win-gdi-devcaps-l1-1-0.dll
774,d3d9.dll
775,ToolkitPro1631vc90U.dll
776,oledlg.dll
777,HTTPAPI.dll
778,api-ms-win-rtcore-ntuser-powermanagement-l1-1-0.dll
779,msvcrt.dll
780,sppcext.dll
781,dnsrslvr.dll
782,NvSmartMax64.dll
783,IEFRAME.dll
784,mscms.dll
785,api-ms-win-security-lsalookup-l1-1-1.dll
786,api-ms-win-crt-locale-l1-1-0.dll
787,MessagingDataModel2.DLL
788,api-ms-win-core-realtime-l1-1-1.dll
789,AEPIC.dll
790,NTASN1.dll
791,api-ms-win-core-com-l1-1-0.dll
792,container.dll
793,UIAutomationCore.DLL
794,gmsaclient.dll
795,ext-ms-win-ntuser-windowclass-l1-1-1.dll
796,api-ms-win-core-string-l1-1-0.dll
797,NkvRTL.dll
798,ext-ms-win-ntuser-menu-l1-1-1.dll
799,wiaservc.dll
800,SLocales.dll
801,dsreg.dll
802,MediaFoundation.dll
803,api-ms-win-core-fibers-l2-1-1.dll
804,api-ms-win-dx-d3dkmt-l1-1-0.dll
805,POWRPROF.dll
806,profapi.dll
807,cryptngc.dll
808,api-ms-win-downlevel-ole32-l1-1-0.dll
809,api-ms-win-security-lsalookup-l2-1-0.dll
810,SystemEventsBrokerClient.dll
811,api-ms-win-core-debug-l1-1-1.dll
812,AppxDeploymentServer.dll
813,WiFiDisplay.dll
814,COMDLG32.DLL
815,api-ms-win-core-timezone-l1-1-0.dll
816,api-ms-win-crt-time-l1-1-0.dll
817,IMM32.dll
818,Windows.UI.Immersive.dll
819,BluetoothApis.dll
820,SLC.dll
821,python27.dll
822,dsclient.dll
823,SAMSRV.dll
824,api-ms-win-dx-d3dkmt-l1-1-1.dll
825,SHELL32.dll
826,MosHostClient.dll
827,api-ms-win-core-registry-l2-2-0.dll
828,WinSync.dll
829,Secur32.dll
830,api-ms-win-core-job-l1-1-0.dll
831,ext-ms-win-branding-winbrand-l1-1-1.dll
832,WINMMBASE.dll
833,SCNPST32.dll
834,bcd.dll
835,dmxmlhelputils.dll
836,api-ms-win-core-libraryloader-l1-1-0.dll
837,MCCSPal.dll
838,ENERGY.dll
839,api-ms-win-core-heap-obsolete-l1-1-0.dll
840,mos.dll
841,wlanapi.dll
842,dhcpcsvc.DLL
843,SSDPAPI.dll
844,api-ms-win-core-shlwapi-obsolete-l1-2-0.dll
845,d3dx10_43.dll
846,ureg.dll
847,MdmCommon.DLL
848,snmpapi.dll
849,api-ms-win-core-shlwapi-obsolete-l1-1-0.dll
850,MCCSEngineShared.dll
851,POLSTORE.DLL
852,AppXAllUserStore.dll
853,WOFUTIL.dll
854,api-ms-win-gdi-internal-uap-l1-1-0.dll
855,DMCmnUtils.dll
856,api-ms-win-core-libraryloader-l1-2-0.dll
857,api-ms-win-shell-dataobject-l1-1-0.dll
858,api-ms-win-core-firmware-l1-1-0.dll
859,bcrypt.dll
860,api-ms-win-rtcore-ntuser-window-l1-1-0.dll
861,lsass.exe
862,AppXDeploymentClient.dll
863,ADVPACK.dll
864,CLBCatQ.DLL
865,SHLWAPI.DLL
866,dot3api.dll
867,api-ms-win-core-url-l1-1-0.dll
868,api-ms-win-eventing-obsolete-l1-1-0.dll
869,SrumAPI.dll
870,DSROLE.dll
871,api-ms-win-core-psm-tc-l1-1-0.dll
872,mfc120u.dll
873,ext-ms-win-shell32-shellfolders-l1-1-0.dll
874,MFC42.DLL
875,MSVCR120.dll
876,mfc100.dll
877,dxgi.dll
878,EFSCORE.dll
879,certenroll.dll
880,iprtprio.dll
881,api-ms-win-core-memory-l1-1-1.dll
882,ktmw32.dll
883,aif_core.dll
884,ZTrace_Maps.dll
885,wbemcomn.dll
886,ProximityServicePAL.dll
887,OneXUI.DLL
888,api-ms-win-core-kernel32-private-l1-1-2.dll
889,api-ms-win-core-psm-key-l1-1-1.dll
890,uniplat.dll
891,advapi32.dll
892,uireng.dll
893,api-ms-win-service-core-l1-1-0.dll
894,api-ms-win-core-winrt-l1-1-0.dll
895,ext-ms-win-gdi-draw-l1-1-1.dll
896,ext-ms-win-ntuser-message-l1-1-1.dll
897,MSUTB.dll
898,win32u.dll
899,api-ms-win-core-winrt-errorprivate-l1-1-1.dll
900,ASLMessaging.dll
901,api-ms-win-downlevel-advapi32-l1-1-0.dll
902,api-ms-win-core-biplmapi-l1-1-5.dll
903,api-ms-win-core-errorhandling-l1-1-3.dll
904,ATL.DLL
905,APHostClient.dll
906,api-ms-win-devices-swdevice-l1-1-1.dll
907,SCNPST64.dll
908,ACLUI.dll
909,ESENT.dll
910,dmutil.dll
911,sppc.dll
912,api-ms-win-mm-mme-l1-1-0.dll
913,msrpc.sys
914,adsldpc.dll
915,skci.dll
916,ODBC32.dll
917,RASDLG.dll
918,api-ms-win-dx-d3dkmt-l1-1-2.dll
919,Windows.Networking.dll
920,CRYPTXML.dll
921,api-ms-win-shell-namespace-l1-1-0.dll
922,api-ms-win-core-toolhelp-l1-1-0.dll
923,FVEAPI.dll
924,drvstore.dll
925,api-ms-win-core-datetime-l1-1-1.dll
926,ADVAPI32.DLL
927,AUDIOSRVPOLICYMANAGER.dll
928,MSVCR80.dll
929,api-ms-win-core-file-l1-2-2.dll
930,ext-ms-win-kernel32-windowserrorreporting-l1-1-1.dll
931,PROPSYS.dll
932,api-ms-win-core-atoms-l1-1-0.dll
933,wkscli.dll
934,shell32.dll
935,api-ms-win-mm-misc-l1-1-1.dll
936,USP10.dll
937,api-ms-win-core-interlocked-l1-1-0.dll
938,CEMAPI.dll
939,GPSVC.dll
940,REGAPI.dll
941,PhoneOm.dll
942,wsnmp32.dll
943,gdi32.dll
944,loadperf.dll
945,FXSAPI.dll
946,ext-ms-win-ntuser-draw-l1-1-1.dll
947,api-ms-win-core-interlocked-l1-2-0.dll
948,WpPortingLibrary.dll
949,WIMGAPI.DLL
950,api-ms-win-shell-shellcom-l1-1-0.dll
951,api-ms-win-security-provider-l1-1-0.dll
952,mfc140.dll
953,api-ms-win-core-libraryloader-l1-2-1.dll
954,EventAggregation.dll
955,msvcp_win.dll
956,UXLIB.DLL
957,TpmCoreProvisioning.DLL
958,ext-ms-win-ntos-ksr-l1-1-0.dll
959,api-ms-win-core-psm-plm-l1-2-0.dll
960,elscore.dll
961,MTXCLU.DLL
962,msi.dll
963,api-ms-win-core-sysinfo-l1-1-0.dll
964,winspool.drv
965,wwapi.dll
966,api-ms-win-service-management-l2-1-0.dll
967,winmm.dll
968,LSASRV.dll
969,Bcp47Langs.dll
970,dvatransport.dll
971,puiapi.dll
972,mi.dll
973,d3d11.dll
974,api-ms-win-security-provider-ansi-l1-1-0.dll
975,api-ms-win-core-com-private-l1-1-0.dll
976,api-ms-win-downlevel-shlwapi-l1-1-0.dll
977,WDSCORE.dll
978,BaseUI.dll
979,api-ms-win-core-delayload-l1-1-0.dll
980,wsplib.dll
981,MosStorage.dll
982,sbservicetrigger.dll
983,api-ms-win-core-kernel32-legacy-l1-1-0.dll
984,api-ms-win-core-heap-l2-1-0.dll
985,MMDevAPI.DLL
986,api-ms-win-core-string-l2-1-0.dll
987,WDSUTIL.dll
988,d3d10_1core.dll
989,api-ms-win-security-lsalookup-l1-1-2.dll
990,KERNELBASE.dll
991,api-ms-win-appmodel-runtime-l1-1-2.dll
992,MLFoundation.dll
993,ext-ms-win-kernel32-package-l1-1-1.dll
994,RPCRT4.dll
995,WclWdi.dll
996,api-ms-win-core-psm-app-l1-1-0.dll
997,WclPowrProf.dll
998,NETSH.EXE
999,SetNetworkLocation.dll
1000,api-ms-win-core-console-l2-1-0.dll
1001,api-ms-win-core-threadpool-legacy-l1-1-0.dll
1002,d3d12.dll
1003,NCObjAPI.DLL
1004,WMICLNT.dll
1005,DeviceCredential.dll
1006,api-ms-win-core-errorhandling-l1-1-1.dll
1007,SensApi.dll
1008,MSVCR71.dll
1009,api-ms-win-core-path-l1-1-0.dll
1010,BASESRV.dll
1011,netprovfw.dll
1012,P2P.dll
1013,DWrite.dll
1014,aeinv.dll
1015,esscli.dll
